alias,region_id
amazonas,AMA
puerto ayacucho,AMA
anzoátegui,ANZ
barcelona,ANZ
puerto la cruz,ANZ
lechería,ANZ
el tigre,ANZ
anaco,ANZ
puerto píritu,ANZ
apure,APU
san fernando de apure,APU
guasdualito,APU
achaguas,APU
aragua,ARA
maracay,ARA
turmero,ARA
cagua,ARA
la victoria,ARA
villa de cura,ARA
colonia tovar,ARA
barinas,BAR
socopó,BAR
barinitas,BAR
estado bolívar,BOL
ciudad bolívar,BOL
puerto ordaz,BOL
san félix,BOL
ciudad guayana,BOL
upata,BOL
el callao,BOL
tumeremo,BOL
santa elena de uairén,BOL
carabobo,CAR
valencia,CAR
puerto cabello,CAR
guacara,CAR
naguanagua,CAR
los guayos,CAR
tocuyito,CAR
san diego,CAR
cojedes,COJ
san carlos,COJ
tinaquillo,COJ
delta amacuro,DAM
tucupita,DAM
caracas,DC
distrito capital,DC
catia,DC
el valle,DC
antímano,DC
la vega,DC
caricuao,DC
el paraíso,DC
23 de enero,DC
san martín,DC
coche,DC
falcón,FAL
coro,FAL
punto fijo,FAL
tucacas,FAL
chichiriviche,FAL
guárico,GUA
san juan de los morros,GUA
calabozo,GUA
valle de la pascua,GUA
zaraza,GUA
altagracia de orituco,GUA
lara,LAR
barquisimeto,LAR
cabudare,LAR
carora,LAR
el tocuyo,LAR
quíbor,LAR
la guaira,LGU
vargas,LGU
maiquetía,LGU
catia la mar,LGU
macuto,LGU
caraballeda,LGU
mérida,MER
el vigía,MER
ejido,MER
tovar,MER
miranda,MIR
los teques,MIR
petare,MIR
chacao,MIR
baruta,MIR
el hatillo,MIR
guarenas,MIR
guatire,MIR
charallave,MIR
ocumare del tuy,MIR
higuerote,MIR
san antonio de los altos,MIR
altamira,MIR
monagas,MON
maturín,MON
punta de mata,MON
caripito,MON
nueva esparta,NES
margarita,NES
porlamar,NES
la asunción,NES
pampatar,NES
juan griego,NES
portuguesa,POR
guanare,POR
acarigua,POR
araure,POR
sucre,SUC
cumaná,SUC
carúpano,SUC
güiria,SUC
táchira,TAC
san cristóbal,TAC
táriba,TAC
rubio,TAC
la fría,TAC
san antonio del táchira,TAC
ureña,TAC
trujillo,TRU
valera,TRU
boconó,TRU
yaracuy,YAR
san felipe,YAR
yaritagua,YAR
nirgua,YAR
zulia,ZUL
maracaibo,ZUL
cabimas,ZUL
ciudad ojeda,ZUL
san francisco,ZUL
machiques,ZUL
santa bárbara del zulia,ZUL
san carlos del zulia,ZUL
la concepción,ZUL
villa del rosario,ZUL
